team,season,error
Charleston Southern,2020,Missing game_id or date columns
Charlotte,2020,Missing game_id or date columns
Chattanooga,2020,Missing game_id or date columns
Chicago St.,2020,Missing game_id or date columns
Cincinnati,2020,Missing game_id or date columns
Clemson,2020,Missing game_id or date columns
Cleveland St.,2020,Missing game_id or date columns
Coastal Carolina,2020,Missing game_id or date columns
Colgate,2020,Missing game_id or date columns
Colorado,2020,Missing game_id or date columns
Colorado St.,2020,Missing game_id or date columns
Columbia,2020,Missing game_id or date columns
Connecticut,2020,Missing game_id or date columns
Coppin St.,2020,Missing game_id or date columns
Cornell,2020,Missing game_id or date columns
Creighton,2020,Missing game_id or date columns
Dartmouth,2020,Missing game_id or date columns
Davidson,2020,Missing game_id or date columns
Dayton,2020,Missing game_id or date columns
DePaul,2020,Missing game_id or date columns
Delaware,2020,Missing game_id or date columns
Delaware St.,2020,Missing game_id or date columns
Denver,2020,Missing game_id or date columns
Detroit Mercy,2020,Missing game_id or date columns
Drake,2020,Missing game_id or date columns
Drexel,2020,Missing game_id or date columns
Duke,2020,Missing game_id or date columns
Duquesne,2020,Missing game_id or date columns
East Carolina,2020,Missing game_id or date columns
East Tennessee St.,2020,Missing game_id or date columns
East Texas A&M,2020,Missing game_id or date columns
Eastern Illinois,2020,Missing game_id or date columns
Eastern Kentucky,2020,Missing game_id or date columns
Eastern Michigan,2020,Missing game_id or date columns
Eastern Washington,2020,Missing game_id or date columns
Elon,2020,Missing game_id or date columns
Evansville,2020,Missing game_id or date columns
FIU,2020,Missing game_id or date columns
Fairfield,2020,Missing game_id or date columns
Fairleigh Dickinson,2020,Missing game_id or date columns
Florida,2020,Missing game_id or date columns
Florida A&M,2020,Missing game_id or date columns
Florida Atlantic,2020,Missing game_id or date columns
Florida Gulf Coast,2020,Missing game_id or date columns
Florida St.,2020,Missing game_id or date columns
Fordham,2020,Missing game_id or date columns
Fresno St.,2020,Missing game_id or date columns
Furman,2020,Missing game_id or date columns
Gardner Webb,2020,Missing game_id or date columns
George Mason,2020,Missing game_id or date columns
George Washington,2020,Missing game_id or date columns
Georgetown,2020,Missing game_id or date columns
Georgia,2020,Missing game_id or date columns
Georgia Southern,2020,Missing game_id or date columns
Georgia St.,2020,Missing game_id or date columns
Georgia Tech,2020,Missing game_id or date columns
Gonzaga,2020,Missing game_id or date columns
Grambling St.,2020,Missing game_id or date columns
Grand Canyon,2020,Missing game_id or date columns
Green Bay,2020,Missing game_id or date columns
Hampton,2020,Missing game_id or date columns
Hartford,2020,Missing game_id or date columns
Harvard,2020,Missing game_id or date columns
Hawaii,2020,Missing game_id or date columns
High Point,2020,Missing game_id or date columns
Hofstra,2020,Missing game_id or date columns
Holy Cross,2020,Missing game_id or date columns
Horz,2020,Missing game_id or date columns
Houston,2020,Missing game_id or date columns
Houston Christian,2020,Missing game_id or date columns
Howard,2020,Missing game_id or date columns
IU Indy,2020,Missing game_id or date columns
Idaho,2020,Missing game_id or date columns
Idaho St.,2020,Missing game_id or date columns
Illinois,2020,Missing game_id or date columns
Illinois Chicago,2020,Missing game_id or date columns
Illinois St.,2020,Missing game_id or date columns
Incarnate Word,2020,Missing game_id or date columns
Indiana,2020,Missing game_id or date columns
Indiana St.,2020,Missing game_id or date columns
Iona,2020,Missing game_id or date columns
Iowa,2020,Missing game_id or date columns
Iowa St.,2020,Missing game_id or date columns
Ivy,2020,Missing game_id or date columns
Jackson St.,2020,Missing game_id or date columns
Jacksonville,2020,Missing game_id or date columns
Jacksonville St.,2020,Missing game_id or date columns
James Madison,2020,Missing game_id or date columns
Kansas,2020,Missing game_id or date columns
Kansas St.,2020,Missing game_id or date columns
Kennesaw St.,2020,Missing game_id or date columns
Kent St.,2020,Missing game_id or date columns
Kentucky,2020,Missing game_id or date columns
LIU,2020,Missing game_id or date columns
LSU,2020,Missing game_id or date columns
La Salle,2020,Missing game_id or date columns
Lafayette,2020,Missing game_id or date columns
Lamar,2020,Missing game_id or date columns
Le Moyne,2020,Missing game_id or date columns
Lehigh,2020,Missing game_id or date columns
Liberty,2020,Missing game_id or date columns
Lindenwood,2020,Missing game_id or date columns
Lipscomb,2020,Missing game_id or date columns
Little Rock,2020,Missing game_id or date columns
Long Beach St.,2020,Missing game_id or date columns
Longwood,2020,Missing game_id or date columns
Louisiana,2020,Missing game_id or date columns
Louisiana Monroe,2020,Missing game_id or date columns
Louisiana Tech,2020,Missing game_id or date columns
Louisville,2020,Missing game_id or date columns
Loyola Chicago,2020,Missing game_id or date columns
Loyola MD,2020,Missing game_id or date columns
Loyola Marymount,2020,Missing game_id or date columns
MAAC,2020,Missing game_id or date columns
MAC,2020,Missing game_id or date columns
MEAC,2020,Missing game_id or date columns
MVC,2020,Missing game_id or date columns
MWC,2020,Missing game_id or date columns
Maine,2020,Missing game_id or date columns
Manhattan,2020,Missing game_id or date columns
Marist,2020,Missing game_id or date columns
Marquette,2020,Missing game_id or date columns
Marshall,2020,Missing game_id or date columns
Maryland,2020,Missing game_id or date columns
Maryland Eastern Shore,2020,Missing game_id or date columns
Massachusetts,2020,Missing game_id or date columns
McNeese St.,2020,Missing game_id or date columns
Memphis,2020,Missing game_id or date columns
Mercer,2020,Missing game_id or date columns
Merrimack,2020,Missing game_id or date columns
Miami FL,2020,Missing game_id or date columns
Miami OH,2020,Missing game_id or date columns
Michigan,2020,Missing game_id or date columns
Michigan St.,2020,Missing game_id or date columns
Middle Tennessee,2020,Missing game_id or date columns
Milwaukee,2020,Missing game_id or date columns
Minnesota,2020,Missing game_id or date columns
Mississippi,2020,Missing game_id or date columns
Mississippi St.,2020,Missing game_id or date columns
Mississippi Valley St.,2020,Missing game_id or date columns
Missouri,2020,Missing game_id or date columns
Missouri St.,2020,Missing game_id or date columns
Monmouth,2020,Missing game_id or date columns
Montana,2020,Missing game_id or date columns
Montana St.,2020,Missing game_id or date columns
Morehead St.,2020,Missing game_id or date columns
Morgan St.,2020,Missing game_id or date columns
Mount St. Mary's,2020,Missing game_id or date columns
Murray St.,2020,Missing game_id or date columns
N.C. State,2020,Missing game_id or date columns
NEC,2020,Missing game_id or date columns
NJIT,2020,Missing game_id or date columns
Navy,2020,Missing game_id or date columns
Nebraska,2020,Missing game_id or date columns
Nebraska Omaha,2020,Missing game_id or date columns
Nevada,2020,Missing game_id or date columns
New Hampshire,2020,Missing game_id or date columns
New Mexico,2020,Missing game_id or date columns
New Mexico St.,2020,Missing game_id or date columns
New Orleans,2020,Missing game_id or date columns
Niagara,2020,Missing game_id or date columns
Nicholls St.,2020,Missing game_id or date columns
Norfolk St.,2020,Missing game_id or date columns
North Alabama,2020,Missing game_id or date columns
North Carolina,2020,Missing game_id or date columns
North Carolina A&T,2020,Missing game_id or date columns
North Carolina Central,2020,Missing game_id or date columns
North Dakota,2020,Missing game_id or date columns
North Dakota St.,2020,Missing game_id or date columns
North Florida,2020,Missing game_id or date columns
North Texas,2020,Missing game_id or date columns
Northeastern,2020,Missing game_id or date columns
Northern Arizona,2020,Missing game_id or date columns
Northern Colorado,2020,Missing game_id or date columns
Northern Illinois,2020,Missing game_id or date columns
Northern Iowa,2020,Missing game_id or date columns
Northern Kentucky,2020,Missing game_id or date columns
Northwestern,2020,Missing game_id or date columns
Northwestern St.,2020,Missing game_id or date columns
Notre Dame,2020,Missing game_id or date columns
OVC,2020,Missing game_id or date columns
Oakland,2020,Missing game_id or date columns
Ohio,2020,Missing game_id or date columns
Ohio St.,2020,Missing game_id or date columns
Oklahoma,2020,Missing game_id or date columns
Oklahoma St.,2020,Missing game_id or date columns
Old Dominion,2020,Missing game_id or date columns
Oral Roberts,2020,Missing game_id or date columns
Oregon,2020,Missing game_id or date columns
Oregon St.,2020,Missing game_id or date columns
P12,2020,Missing game_id or date columns
Pacific,2020,Missing game_id or date columns
Pat,2020,Missing game_id or date columns
Penn,2020,Missing game_id or date columns
Penn St.,2020,Missing game_id or date columns
Pepperdine,2020,Missing game_id or date columns
Pittsburgh,2020,Missing game_id or date columns
Portland,2020,Missing game_id or date columns
Portland St.,2020,Missing game_id or date columns
Prairie View A&M,2020,Missing game_id or date columns
Presbyterian,2020,Missing game_id or date columns
Princeton,2020,Missing game_id or date columns
Providence,2020,Missing game_id or date columns
Purdue,2020,Missing game_id or date columns
Purdue Fort Wayne,2020,Missing game_id or date columns
Queens,2020,Missing game_id or date columns
Quinnipiac,2020,Missing game_id or date columns
Radford,2020,Missing game_id or date columns
Rhode Island,2020,Missing game_id or date columns
Rice,2020,Missing game_id or date columns
Richmond,2020,Missing game_id or date columns
Rider,2020,Missing game_id or date columns
Robert Morris,2020,Missing game_id or date columns
Rutgers,2020,Missing game_id or date columns
SB,2020,Missing game_id or date columns
SC,2020,Missing game_id or date columns
SEC,2020,Missing game_id or date columns
SIU Edwardsville,2020,Missing game_id or date columns
SMU,2020,Missing game_id or date columns
SWAC,2020,Missing game_id or date columns
Sacramento St.,2020,Missing game_id or date columns
Sacred Heart,2020,Missing game_id or date columns
Saint Francis,2020,Missing game_id or date columns
Saint Joseph's,2020,Missing game_id or date columns
Saint Louis,2020,Missing game_id or date columns
Saint Mary's,2020,Missing game_id or date columns
Saint Peter's,2020,Missing game_id or date columns
Sam Houston St.,2020,Missing game_id or date columns
Samford,2020,Missing game_id or date columns
San Diego,2020,Missing game_id or date columns
San Diego St.,2020,Missing game_id or date columns
San Francisco,2020,Missing game_id or date columns
San Jose St.,2020,Missing game_id or date columns
Santa Clara,2020,Missing game_id or date columns
Seattle,2020,Missing game_id or date columns
Seton Hall,2020,Missing game_id or date columns
Siena,2020,Missing game_id or date columns
Slnd,2020,Missing game_id or date columns
South Alabama,2020,Missing game_id or date columns
South Carolina,2020,Missing game_id or date columns
South Carolina St.,2020,Missing game_id or date columns
South Dakota,2020,Missing game_id or date columns
South Dakota St.,2020,Missing game_id or date columns
South Florida,2020,Missing game_id or date columns
Southeast Missouri St.,2020,Missing game_id or date columns
Southeastern Louisiana,2020,Missing game_id or date columns
Southern,2020,Missing game_id or date columns
Southern Illinois,2020,Missing game_id or date columns
Southern Indiana,2020,Missing game_id or date columns
Southern Miss,2020,Missing game_id or date columns
Southern Utah,2020,Missing game_id or date columns
St. Bonaventure,2020,Missing game_id or date columns
St. Francis NY,2020,Missing game_id or date columns
St. John's,2020,Missing game_id or date columns
St. Thomas,2020,Missing game_id or date columns
Stanford,2020,Missing game_id or date columns
Stephen F. Austin,2020,Missing game_id or date columns
Stetson,2020,Missing game_id or date columns
Stonehill,2020,Missing game_id or date columns
Stony Brook,2020,Missing game_id or date columns
Sum,2020,Missing game_id or date columns
Syracuse,2020,Missing game_id or date columns
TCU,2020,Missing game_id or date columns
Tarleton St.,2020,Missing game_id or date columns
Temple,2020,Missing game_id or date columns
Tennessee,2020,Missing game_id or date columns
Tennessee Martin,2020,Missing game_id or date columns
Tennessee St.,2020,Missing game_id or date columns
Tennessee Tech,2020,Missing game_id or date columns
Texas,2020,Missing game_id or date columns
Texas A&M,2020,Missing game_id or date columns
Texas A&M Corpus Chris,2020,Missing game_id or date columns
Texas Southern,2020,Missing game_id or date columns
Texas St.,2020,Missing game_id or date columns
Texas Tech,2020,Missing game_id or date columns
The Citadel,2020,Missing game_id or date columns
Toledo,2020,Missing game_id or date columns
Towson,2020,Missing game_id or date columns
Troy,2020,Missing game_id or date columns
Tulane,2020,Missing game_id or date columns
Tulsa,2020,Missing game_id or date columns
UAB,2020,Missing game_id or date columns
UC Davis,2020,Missing game_id or date columns
UC Irvine,2020,Missing game_id or date columns
UC Riverside,2020,Missing game_id or date columns
UC San Diego,2020,Missing game_id or date columns
UC Santa Barbara,2020,Missing game_id or date columns
UCF,2020,Missing game_id or date columns
UCLA,2020,Missing game_id or date columns
UMBC,2020,Missing game_id or date columns
UMKC,2020,Missing game_id or date columns
UMass Lowell,2020,Missing game_id or date columns
UNC Asheville,2020,Missing game_id or date columns
UNC Greensboro,2020,Missing game_id or date columns
UNC Wilmington,2020,Missing game_id or date columns
UNLV,2020,Missing game_id or date columns
USC,2020,Missing game_id or date columns
USC Upstate,2020,Missing game_id or date columns
UT Arlington,2020,Missing game_id or date columns
UT Rio Grande Valley,2020,Missing game_id or date columns
UTEP,2020,Missing game_id or date columns
UTSA,2020,Missing game_id or date columns
Utah,2020,Missing game_id or date columns
Utah St.,2020,Missing game_id or date columns
Utah Tech,2020,Missing game_id or date columns
Utah Valley,2020,Missing game_id or date columns
VCU,2020,Missing game_id or date columns
VMI,2020,Missing game_id or date columns
Valparaiso,2020,Missing game_id or date columns
Vanderbilt,2020,Missing game_id or date columns
Vermont,2020,Missing game_id or date columns
Villanova,2020,Missing game_id or date columns
Virginia,2020,Missing game_id or date columns
Virginia Tech,2020,Missing game_id or date columns
WAC,2020,Missing game_id or date columns
WCC,2020,Missing game_id or date columns
Wagner,2020,Missing game_id or date columns
Wake Forest,2020,Missing game_id or date columns
Washington,2020,Missing game_id or date columns
Washington St.,2020,Missing game_id or date columns
Weber St.,2020,Missing game_id or date columns
West Virginia,2020,Missing game_id or date columns
Western Carolina,2020,Missing game_id or date columns
Western Illinois,2020,Missing game_id or date columns
Western Kentucky,2020,Missing game_id or date columns
Western Michigan,2020,Missing game_id or date columns
Wichita St.,2020,Missing game_id or date columns
William & Mary,2020,Missing game_id or date columns
Winthrop,2020,Missing game_id or date columns
Wisconsin,2020,Missing game_id or date columns
Wofford,2020,Missing game_id or date columns
Wright St.,2020,Missing game_id or date columns
Wyoming,2020,Missing game_id or date columns
Xavier,2020,Missing game_id or date columns
Yale,2020,Missing game_id or date columns
Youngstown St.,2020,Missing game_id or date columns
A10,2021,Missing game_id or date columns
ACC,2021,Missing game_id or date columns
AE,2021,Missing game_id or date columns
ASun,2021,Missing game_id or date columns
Abilene Christian,2021,Missing game_id or date columns
Air Force,2021,Missing game_id or date columns
Akron,2021,Missing game_id or date columns
Alabama,2021,Missing game_id or date columns
Alabama A&M,2021,Missing game_id or date columns
Alabama St.,2021,Missing game_id or date columns
Albany,2021,Missing game_id or date columns
Alcorn St.,2021,Missing game_id or date columns
Amer,2021,Missing game_id or date columns
American,2021,Missing game_id or date columns
Appalachian St.,2021,Missing game_id or date columns
Arizona,2021,Missing game_id or date columns
Arizona St.,2021,Missing game_id or date columns
Arkansas,2021,Missing game_id or date columns
Arkansas Pine Bluff,2021,Missing game_id or date columns
Arkansas St.,2021,Missing game_id or date columns
Army,2021,Missing game_id or date columns
Auburn,2021,Missing game_id or date columns
Austin Peay,2021,Missing game_id or date columns
B10,2021,Missing game_id or date columns
B12,2021,Missing game_id or date columns
BE,2021,Missing game_id or date columns
BSky,2021,Missing game_id or date columns
BSth,2021,Missing game_id or date columns
BW,2021,Missing game_id or date columns
BYU,2021,Missing game_id or date columns
Ball St.,2021,Missing game_id or date columns
Baylor,2021,Missing game_id or date columns
Bellarmine,2021,Missing game_id or date columns
Belmont,2021,Missing game_id or date columns
Bethune Cookman,2021,Missing game_id or date columns
Binghamton,2021,Missing game_id or date columns
Boise St.,2021,Missing game_id or date columns
Boston College,2021,Missing game_id or date columns
Boston University,2021,Missing game_id or date columns
Bowling Green,2021,Missing game_id or date columns
Bradley,2021,Missing game_id or date columns
Brown,2021,Missing game_id or date columns
Bryant,2021,Missing game_id or date columns
Bucknell,2021,Missing game_id or date columns
Buffalo,2021,Missing game_id or date columns
Butler,2021,Missing game_id or date columns
CAA,2021,Missing game_id or date columns
CUSA,2021,Missing game_id or date columns
Cal Baptist,2021,Missing game_id or date columns
Cal Poly,2021,Missing game_id or date columns
Cal St. Bakersfield,2021,Missing game_id or date columns
Cal St. Fullerton,2021,Missing game_id or date columns
Cal St. Northridge,2021,Missing game_id or date columns
California,2021,Missing game_id or date columns
Campbell,2021,Missing game_id or date columns
Canisius,2021,Missing game_id or date columns
Central Arkansas,2021,Missing game_id or date columns
Central Connecticut,2021,Missing game_id or date columns
Central Michigan,2021,Missing game_id or date columns
Charleston,2021,Missing game_id or date columns
Charleston Southern,2021,Missing game_id or date columns
Charlotte,2021,Missing game_id or date columns
Chattanooga,2021,Missing game_id or date columns
Chicago St.,2021,Missing game_id or date columns
Cincinnati,2021,Missing game_id or date columns
Clemson,2021,Missing game_id or date columns
Cleveland St.,2021,Missing game_id or date columns
Coastal Carolina,2021,Missing game_id or date columns
Colgate,2021,Missing game_id or date columns
Colorado,2021,Missing game_id or date columns
Colorado St.,2021,Missing game_id or date columns
Columbia,2021,Missing game_id or date columns
Connecticut,2021,Missing game_id or date columns
Coppin St.,2021,Missing game_id or date columns
Cornell,2021,Missing game_id or date columns
Creighton,2021,Missing game_id or date columns
Dartmouth,2021,Missing game_id or date columns
Davidson,2021,Missing game_id or date columns
Dayton,2021,Missing game_id or date columns
DePaul,2021,Missing game_id or date columns
Delaware,2021,Missing game_id or date columns
Delaware St.,2021,Missing game_id or date columns
Denver,2021,Missing game_id or date columns
Detroit Mercy,2021,Missing game_id or date columns
Drake,2021,Missing game_id or date columns
Drexel,2021,Missing game_id or date columns
Duke,2021,Missing game_id or date columns
Duquesne,2021,Missing game_id or date columns
East Carolina,2021,Missing game_id or date columns
East Tennessee St.,2021,Missing game_id or date columns
East Texas A&M,2021,Missing game_id or date columns
Eastern Illinois,2021,Missing game_id or date columns
Eastern Kentucky,2021,Missing game_id or date columns
Eastern Michigan,2021,Missing game_id or date columns
Eastern Washington,2021,Missing game_id or date columns
Elon,2021,Missing game_id or date columns
Evansville,2021,Missing game_id or date columns
FIU,2021,Missing game_id or date columns
Fairfield,2021,Missing game_id or date columns
Fairleigh Dickinson,2021,Missing game_id or date columns
Florida,2021,Missing game_id or date columns
Florida A&M,2021,Missing game_id or date columns
Florida Atlantic,2021,Missing game_id or date columns
Florida Gulf Coast,2021,Missing game_id or date columns
Florida St.,2021,Missing game_id or date columns
Fordham,2021,Missing game_id or date columns
Fresno St.,2021,Missing game_id or date columns
Furman,2021,Missing game_id or date columns
Gardner Webb,2021,Missing game_id or date columns
George Mason,2021,Missing game_id or date columns
George Washington,2021,Missing game_id or date columns
Georgetown,2021,Missing game_id or date columns
Georgia,2021,Missing game_id or date columns
Georgia Southern,2021,Missing game_id or date columns
Georgia St.,2021,Missing game_id or date columns
Georgia Tech,2021,Missing game_id or date columns
Gonzaga,2021,Missing game_id or date columns
Grambling St.,2021,Missing game_id or date columns
Grand Canyon,2021,Missing game_id or date columns
Green Bay,2021,Missing game_id or date columns
Hampton,2021,Missing game_id or date columns
Hartford,2021,Missing game_id or date columns
Harvard,2021,Missing game_id or date columns
Hawaii,2021,Missing game_id or date columns
High Point,2021,Missing game_id or date columns
Hofstra,2021,Missing game_id or date columns
Holy Cross,2021,Missing game_id or date columns
Horz,2021,Missing game_id or date columns
Houston,2021,Missing game_id or date columns
Houston Christian,2021,Missing game_id or date columns
Howard,2021,Missing game_id or date columns
IU Indy,2021,Missing game_id or date columns
Idaho,2021,Missing game_id or date columns
Idaho St.,2021,Missing game_id or date columns
Illinois,2021,Missing game_id or date columns
Illinois Chicago,2021,Missing game_id or date columns
Illinois St.,2021,Missing game_id or date columns
Incarnate Word,2021,Missing game_id or date columns
Indiana,2021,Missing game_id or date columns
Indiana St.,2021,Missing game_id or date columns
Iona,2021,Missing game_id or date columns
Iowa,2021,Missing game_id or date columns
Iowa St.,2021,Missing game_id or date columns
Ivy,2021,Missing game_id or date columns
Jackson St.,2021,Missing game_id or date columns
Jacksonville,2021,Missing game_id or date columns
Jacksonville St.,2021,Missing game_id or date columns
James Madison,2021,Missing game_id or date columns
Kansas,2021,Missing game_id or date columns
Kansas St.,2021,Missing game_id or date columns
Kennesaw St.,2021,Missing game_id or date columns
Kent St.,2021,Missing game_id or date columns
Kentucky,2021,Missing game_id or date columns
LIU,2021,Missing game_id or date columns
LSU,2021,Missing game_id or date columns
La Salle,2021,Missing game_id or date columns
Lafayette,2021,Missing game_id or date columns
Lamar,2021,Missing game_id or date columns
Le Moyne,2021,Missing game_id or date columns
Lehigh,2021,Missing game_id or date columns
Liberty,2021,Missing game_id or date columns
Lindenwood,2021,Missing game_id or date columns
Lipscomb,2021,Missing game_id or date columns
Little Rock,2021,Missing game_id or date columns
Long Beach St.,2021,Missing game_id or date columns
Longwood,2021,Missing game_id or date columns
Louisiana,2021,Missing game_id or date columns
Louisiana Monroe,2021,Missing game_id or date columns
Louisiana Tech,2021,Missing game_id or date columns
Louisville,2021,Missing game_id or date columns
Loyola Chicago,2021,Missing game_id or date columns
Loyola MD,2021,Missing game_id or date columns
Loyola Marymount,2021,Missing game_id or date columns
MAAC,2021,Missing game_id or date columns
MAC,2021,Missing game_id or date columns
MEAC,2021,Missing game_id or date columns
MVC,2021,Missing game_id or date columns
MWC,2021,Missing game_id or date columns
Maine,2021,Missing game_id or date columns
Manhattan,2021,Missing game_id or date columns
Marist,2021,Missing game_id or date columns
Marquette,2021,Missing game_id or date columns
Marshall,2021,Missing game_id or date columns
Maryland,2021,Missing game_id or date columns
Maryland Eastern Shore,2021,Missing game_id or date columns
Massachusetts,2021,Missing game_id or date columns
McNeese St.,2021,Missing game_id or date columns
Memphis,2021,Missing game_id or date columns
Mercer,2021,Missing game_id or date columns
Merrimack,2021,Missing game_id or date columns
Miami FL,2021,Missing game_id or date columns
Miami OH,2021,Missing game_id or date columns
Michigan,2021,Missing game_id or date columns
Michigan St.,2021,Missing game_id or date columns
Middle Tennessee,2021,Missing game_id or date columns
Milwaukee,2021,Missing game_id or date columns
Minnesota,2021,Missing game_id or date columns
Mississippi,2021,Missing game_id or date columns
Mississippi St.,2021,Missing game_id or date columns
Mississippi Valley St.,2021,Missing game_id or date columns
Missouri,2021,Missing game_id or date columns
Missouri St.,2021,Missing game_id or date columns
Monmouth,2021,Missing game_id or date columns
Montana,2021,Missing game_id or date columns
Montana St.,2021,Missing game_id or date columns
Morehead St.,2021,Missing game_id or date columns
Morgan St.,2021,Missing game_id or date columns
Mount St. Mary's,2021,Missing game_id or date columns
Murray St.,2021,Missing game_id or date columns
N.C. State,2021,Missing game_id or date columns
NEC,2021,Missing game_id or date columns
NJIT,2021,Missing game_id or date columns
Navy,2021,Missing game_id or date columns
Nebraska,2021,Missing game_id or date columns
Nebraska Omaha,2021,Missing game_id or date columns
Nevada,2021,Missing game_id or date columns
New Hampshire,2021,Missing game_id or date columns
New Mexico,2021,Missing game_id or date columns
New Mexico St.,2021,Missing game_id or date columns
New Orleans,2021,Missing game_id or date columns
Niagara,2021,Missing game_id or date columns
Nicholls St.,2021,Missing game_id or date columns
Norfolk St.,2021,Missing game_id or date columns
North Alabama,2021,Missing game_id or date columns
North Carolina,2021,Missing game_id or date columns
North Carolina A&T,2021,Missing game_id or date columns
North Carolina Central,2021,Missing game_id or date columns
North Dakota,2021,Missing game_id or date columns
North Dakota St.,2021,Missing game_id or date columns
North Florida,2021,Missing game_id or date columns
North Texas,2021,Missing game_id or date columns
Northeastern,2021,Missing game_id or date columns
Northern Arizona,2021,Missing game_id or date columns
Northern Colorado,2021,Missing game_id or date columns
Northern Illinois,2021,Missing game_id or date columns
Northern Iowa,2021,Missing game_id or date columns
Northern Kentucky,2021,Missing game_id or date columns
Northwestern,2021,Missing game_id or date columns
Northwestern St.,2021,Missing game_id or date columns
Notre Dame,2021,Missing game_id or date columns
OVC,2021,Missing game_id or date columns
Oakland,2021,Missing game_id or date columns
Ohio,2021,Missing game_id or date columns
Ohio St.,2021,Missing game_id or date columns
Oklahoma,2021,Missing game_id or date columns
Oklahoma St.,2021,Missing game_id or date columns
Old Dominion,2021,Missing game_id or date columns
Oral Roberts,2021,Missing game_id or date columns
Oregon,2021,Missing game_id or date columns
Oregon St.,2021,Missing game_id or date columns
P12,2021,Missing game_id or date columns
Pacific,2021,Missing game_id or date columns
Pat,2021,Missing game_id or date columns
Penn,2021,Missing game_id or date columns
Penn St.,2021,Missing game_id or date columns
Pepperdine,2021,Missing game_id or date columns
Pittsburgh,2021,Missing game_id or date columns
Portland,2021,Missing game_id or date columns
Portland St.,2021,Missing game_id or date columns
Prairie View A&M,2021,Missing game_id or date columns
Presbyterian,2021,Missing game_id or date columns
Princeton,2021,Missing game_id or date columns
Providence,2021,Missing game_id or date columns
Purdue,2021,Missing game_id or date columns
Purdue Fort Wayne,2021,Missing game_id or date columns
Queens,2021,Missing game_id or date columns
Quinnipiac,2021,Missing game_id or date columns
Radford,2021,Missing game_id or date columns
Rhode Island,2021,Missing game_id or date columns
Rice,2021,Missing game_id or date columns
Richmond,2021,Missing game_id or date columns
Rider,2021,Missing game_id or date columns
Robert Morris,2021,Missing game_id or date columns
Rutgers,2021,Missing game_id or date columns
SB,2021,Missing game_id or date columns
SC,2021,Missing game_id or date columns
SEC,2021,Missing game_id or date columns
SIU Edwardsville,2021,Missing game_id or date columns
SMU,2021,Missing game_id or date columns
SWAC,2021,Missing game_id or date columns
Sacramento St.,2021,Missing game_id or date columns
Sacred Heart,2021,Missing game_id or date columns
Saint Francis,2021,Missing game_id or date columns
Saint Joseph's,2021,Missing game_id or date columns
Saint Louis,2021,Missing game_id or date columns
Saint Mary's,2021,Missing game_id or date columns
Saint Peter's,2021,Missing game_id or date columns
Sam Houston St.,2021,Missing game_id or date columns
Samford,2021,Missing game_id or date columns
San Diego,2021,Missing game_id or date columns
San Diego St.,2021,Missing game_id or date columns
San Francisco,2021,Missing game_id or date columns
San Jose St.,2021,Missing game_id or date columns
Santa Clara,2021,Missing game_id or date columns
Seattle,2021,Missing game_id or date columns
Seton Hall,2021,Missing game_id or date columns
Siena,2021,Missing game_id or date columns
Slnd,2021,Missing game_id or date columns
South Alabama,2021,Missing game_id or date columns
South Carolina,2021,Missing game_id or date columns
South Carolina St.,2021,Missing game_id or date columns
South Dakota,2021,Missing game_id or date columns
South Dakota St.,2021,Missing game_id or date columns
South Florida,2021,Missing game_id or date columns
Southeast Missouri St.,2021,Missing game_id or date columns
Southeastern Louisiana,2021,Missing game_id or date columns
Southern,2021,Missing game_id or date columns
Southern Illinois,2021,Missing game_id or date columns
Southern Indiana,2021,Missing game_id or date columns
Southern Miss,2021,Missing game_id or date columns
Southern Utah,2021,Missing game_id or date columns
St. Bonaventure,2021,Missing game_id or date columns
St. Francis NY,2021,Missing game_id or date columns
St. John's,2021,Missing game_id or date columns
St. Thomas,2021,Missing game_id or date columns
Stanford,2021,Missing game_id or date columns
Stephen F. Austin,2021,Missing game_id or date columns
Stetson,2021,Missing game_id or date columns
Stonehill,2021,Missing game_id or date columns
Stony Brook,2021,Missing game_id or date columns
Sum,2021,Missing game_id or date columns
Syracuse,2021,Missing game_id or date columns
TCU,2021,Missing game_id or date columns
Tarleton St.,2021,Missing game_id or date columns
Temple,2021,Missing game_id or date columns
Tennessee,2021,Missing game_id or date columns
Tennessee Martin,2021,Missing game_id or date columns
Tennessee St.,2021,Missing game_id or date columns
Tennessee Tech,2021,Missing game_id or date columns
Texas,2021,Missing game_id or date columns
Texas A&M,2021,Missing game_id or date columns
Texas A&M Corpus Chris,2021,Missing game_id or date columns
Texas Southern,2021,Missing game_id or date columns
Texas St.,2021,Missing game_id or date columns
Texas Tech,2021,Missing game_id or date columns
The Citadel,2021,Missing game_id or date columns
Toledo,2021,Missing game_id or date columns
Towson,2021,Missing game_id or date columns
Troy,2021,Missing game_id or date columns
Tulane,2021,Missing game_id or date columns
Tulsa,2021,Missing game_id or date columns
UAB,2021,Missing game_id or date columns
UC Davis,2021,Missing game_id or date columns
UC Irvine,2021,Missing game_id or date columns
UC Riverside,2021,Missing game_id or date columns
UC San Diego,2021,Missing game_id or date columns
UC Santa Barbara,2021,Missing game_id or date columns
UCF,2021,Missing game_id or date columns
UCLA,2021,Missing game_id or date columns
UMBC,2021,Missing game_id or date columns
UMKC,2021,Missing game_id or date columns
UMass Lowell,2021,Missing game_id or date columns
UNC Asheville,2021,Missing game_id or date columns
UNC Greensboro,2021,Missing game_id or date columns
UNC Wilmington,2021,Missing game_id or date columns
UNLV,2021,Missing game_id or date columns
USC,2021,Missing game_id or date columns
USC Upstate,2021,Missing game_id or date columns
UT Arlington,2021,Missing game_id or date columns
UT Rio Grande Valley,2021,Missing game_id or date columns
UTEP,2021,Missing game_id or date columns
UTSA,2021,Missing game_id or date columns
Utah,2021,Missing game_id or date columns
Utah St.,2021,Missing game_id or date columns
Utah Tech,2021,Missing game_id or date columns
Utah Valley,2021,Missing game_id or date columns
VCU,2021,Missing game_id or date columns
VMI,2021,Missing game_id or date columns
Valparaiso,2021,Missing game_id or date columns
Vanderbilt,2021,Missing game_id or date columns
Vermont,2021,Missing game_id or date columns
Villanova,2021,Missing game_id or date columns
Virginia,2021,Missing game_id or date columns
Virginia Tech,2021,Missing game_id or date columns
WAC,2021,Missing game_id or date columns
WCC,2021,Missing game_id or date columns
Wagner,2021,Missing game_id or date columns
Wake Forest,2021,Missing game_id or date columns
Washington,2021,Missing game_id or date columns
Washington St.,2021,Missing game_id or date columns
Weber St.,2021,Missing game_id or date columns
West Virginia,2021,Missing game_id or date columns
Western Carolina,2021,Missing game_id or date columns
Western Illinois,2021,Missing game_id or date columns
Western Kentucky,2021,Missing game_id or date columns
Western Michigan,2021,Missing game_id or date columns
Wichita St.,2021,Missing game_id or date columns
William & Mary,2021,Missing game_id or date columns
Winthrop,2021,Missing game_id or date columns
Wisconsin,2021,Missing game_id or date columns
Wofford,2021,Missing game_id or date columns
Wright St.,2021,Missing game_id or date columns
Wyoming,2021,Missing game_id or date columns
Xavier,2021,Missing game_id or date columns
Yale,2021,Missing game_id or date columns
Youngstown St.,2021,Missing game_id or date columns
A10,2022,Missing game_id or date columns
ACC,2022,Missing game_id or date columns
AE,2022,Missing game_id or date columns
ASun,2022,Missing game_id or date columns
Abilene Christian,2022,Missing game_id or date columns
Air Force,2022,Missing game_id or date columns
Akron,2022,Missing game_id or date columns
Alabama,2022,Missing game_id or date columns
Alabama A&M,2022,Missing game_id or date columns
Alabama St.,2022,Missing game_id or date columns
Albany,2022,Missing game_id or date columns
Alcorn St.,2022,Missing game_id or date columns
Amer,2022,Missing game_id or date columns
American,2022,Missing game_id or date columns
Appalachian St.,2022,Missing game_id or date columns
Arizona,2022,Missing game_id or date columns
Arizona St.,2022,Missing game_id or date columns
Arkansas,2022,Missing game_id or date columns
Arkansas Pine Bluff,2022,Missing game_id or date columns
Arkansas St.,2022,Missing game_id or date columns
Army,2022,Missing game_id or date columns
Auburn,2022,Missing game_id or date columns
Austin Peay,2022,Missing game_id or date columns
B10,2022,Missing game_id or date columns
B12,2022,Missing game_id or date columns
BE,2022,Missing game_id or date columns
BSky,2022,Missing game_id or date columns
BSth,2022,Missing game_id or date columns
BW,2022,Missing game_id or date columns
BYU,2022,Missing game_id or date columns
Ball St.,2022,Missing game_id or date columns
Baylor,2022,Missing game_id or date columns
Bellarmine,2022,Missing game_id or date columns
Belmont,2022,Missing game_id or date columns
Bethune Cookman,2022,Missing game_id or date columns
Binghamton,2022,Missing game_id or date columns
Boise St.,2022,Missing game_id or date columns
Boston College,2022,Missing game_id or date columns
Boston University,2022,Missing game_id or date columns
Bowling Green,2022,Missing game_id or date columns
Bradley,2022,Missing game_id or date columns
Brown,2022,Missing game_id or date columns
Bryant,2022,Missing game_id or date columns
Bucknell,2022,Missing game_id or date columns
Buffalo,2022,Missing game_id or date columns
Butler,2022,Missing game_id or date columns
CAA,2022,Missing game_id or date columns
CUSA,2022,Missing game_id or date columns
Cal Baptist,2022,Missing game_id or date columns
Cal Poly,2022,Missing game_id or date columns
Cal St. Bakersfield,2022,Missing game_id or date columns
Cal St. Fullerton,2022,Missing game_id or date columns
Cal St. Northridge,2022,Missing game_id or date columns
California,2022,Missing game_id or date columns
Campbell,2022,Missing game_id or date columns
Canisius,2022,Missing game_id or date columns
Central Arkansas,2022,Missing game_id or date columns
Central Connecticut,2022,Missing game_id or date columns
Central Michigan,2022,Missing game_id or date columns
Charleston,2022,Missing game_id or date columns
Charleston Southern,2022,Missing game_id or date columns
Charlotte,2022,Missing game_id or date columns
Chattanooga,2022,Missing game_id or date columns
Chicago St.,2022,Missing game_id or date columns
Cincinnati,2022,Missing game_id or date columns
Clemson,2022,Missing game_id or date columns
Cleveland St.,2022,Missing game_id or date columns
Coastal Carolina,2022,Missing game_id or date columns
Colgate,2022,Missing game_id or date columns
Colorado,2022,Missing game_id or date columns
Colorado St.,2022,Missing game_id or date columns
Columbia,2022,Missing game_id or date columns
Connecticut,2022,Missing game_id or date columns
Coppin St.,2022,Missing game_id or date columns
Cornell,2022,Missing game_id or date columns
Creighton,2022,Missing game_id or date columns
Dartmouth,2022,Missing game_id or date columns
Davidson,2022,Missing game_id or date columns
Dayton,2022,Missing game_id or date columns
DePaul,2022,Missing game_id or date columns
Delaware,2022,Missing game_id or date columns
Delaware St.,2022,Missing game_id or date columns
Denver,2022,Missing game_id or date columns
Detroit Mercy,2022,Missing game_id or date columns
Drake,2022,Missing game_id or date columns
Drexel,2022,Missing game_id or date columns
Duke,2022,Missing game_id or date columns
Duquesne,2022,Missing game_id or date columns
East Carolina,2022,Missing game_id or date columns
East Tennessee St.,2022,Missing game_id or date columns
East Texas A&M,2022,Missing game_id or date columns
Eastern Illinois,2022,Missing game_id or date columns
Eastern Kentucky,2022,Missing game_id or date columns
Eastern Michigan,2022,Missing game_id or date columns
Eastern Washington,2022,Missing game_id or date columns
Elon,2022,Missing game_id or date columns
Evansville,2022,Missing game_id or date columns
FIU,2022,Missing game_id or date columns
Fairfield,2022,Missing game_id or date columns
Fairleigh Dickinson,2022,Missing game_id or date columns
Florida,2022,Missing game_id or date columns
Florida A&M,2022,Missing game_id or date columns
Florida Atlantic,2022,Missing game_id or date columns
Florida Gulf Coast,2022,Missing game_id or date columns
Florida St.,2022,Missing game_id or date columns
Fordham,2022,Missing game_id or date columns
Fresno St.,2022,Missing game_id or date columns
Furman,2022,Missing game_id or date columns
Gardner Webb,2022,Missing game_id or date columns
George Mason,2022,Missing game_id or date columns
George Washington,2022,Missing game_id or date columns
Georgetown,2022,Missing game_id or date columns
Georgia,2022,Missing game_id or date columns
Georgia Southern,2022,Missing game_id or date columns
Georgia St.,2022,Missing game_id or date columns
Georgia Tech,2022,Missing game_id or date columns
Gonzaga,2022,Missing game_id or date columns
Grambling St.,2022,Missing game_id or date columns
Grand Canyon,2022,Missing game_id or date columns
Green Bay,2022,Missing game_id or date columns
Hampton,2022,Missing game_id or date columns
Hartford,2022,Missing game_id or date columns
Harvard,2022,Missing game_id or date columns
Hawaii,2022,Missing game_id or date columns
High Point,2022,Missing game_id or date columns
Hofstra,2022,Missing game_id or date columns
Holy Cross,2022,Missing game_id or date columns
Horz,2022,Missing game_id or date columns
Houston,2022,Missing game_id or date columns
Houston Christian,2022,Missing game_id or date columns
Howard,2022,Missing game_id or date columns
IU Indy,2022,Missing game_id or date columns
Idaho,2022,Missing game_id or date columns
Idaho St.,2022,Missing game_id or date columns
Illinois,2022,Missing game_id or date columns
Illinois Chicago,2022,Missing game_id or date columns
Illinois St.,2022,Missing game_id or date columns
Incarnate Word,2022,Missing game_id or date columns
Indiana,2022,Missing game_id or date columns
Indiana St.,2022,Missing game_id or date columns
Iona,2022,Missing game_id or date columns
Iowa,2022,Missing game_id or date columns
Iowa St.,2022,Missing game_id or date columns
Ivy,2022,Missing game_id or date columns
Jackson St.,2022,Missing game_id or date columns
Jacksonville,2022,Missing game_id or date columns
Jacksonville St.,2022,Missing game_id or date columns
James Madison,2022,Missing game_id or date columns
Kansas,2022,Missing game_id or date columns
Kansas St.,2022,Missing game_id or date columns
Kennesaw St.,2022,Missing game_id or date columns
Kent St.,2022,Missing game_id or date columns
Kentucky,2022,Missing game_id or date columns
LIU,2022,Missing game_id or date columns
LSU,2022,Missing game_id or date columns
La Salle,2022,Missing game_id or date columns
Lafayette,2022,Missing game_id or date columns
Lamar,2022,Missing game_id or date columns
Le Moyne,2022,Missing game_id or date columns
Lehigh,2022,Missing game_id or date columns
Liberty,2022,Missing game_id or date columns
Lindenwood,2022,Missing game_id or date columns
Lipscomb,2022,Missing game_id or date columns
Little Rock,2022,Missing game_id or date columns
Long Beach St.,2022,Missing game_id or date columns
Longwood,2022,Missing game_id or date columns
Louisiana,2022,Missing game_id or date columns
Louisiana Monroe,2022,Missing game_id or date columns
Louisiana Tech,2022,Missing game_id or date columns
Louisville,2022,Missing game_id or date columns
Loyola Chicago,2022,Missing game_id or date columns
Loyola MD,2022,Missing game_id or date columns
Loyola Marymount,2022,Missing game_id or date columns
MAAC,2022,Missing game_id or date columns
MAC,2022,Missing game_id or date columns
MEAC,2022,Missing game_id or date columns
MVC,2022,Missing game_id or date columns
MWC,2022,Missing game_id or date columns
Maine,2022,Missing game_id or date columns
Manhattan,2022,Missing game_id or date columns
Marist,2022,Missing game_id or date columns
Marquette,2022,Missing game_id or date columns
Marshall,2022,Missing game_id or date columns
Maryland,2022,Missing game_id or date columns
Maryland Eastern Shore,2022,Missing game_id or date columns
Massachusetts,2022,Missing game_id or date columns
McNeese St.,2022,Missing game_id or date columns
Memphis,2022,Missing game_id or date columns
Mercer,2022,Missing game_id or date columns
Merrimack,2022,Missing game_id or date columns
Miami FL,2022,Missing game_id or date columns
Miami OH,2022,Missing game_id or date columns
Michigan,2022,Missing game_id or date columns
Michigan St.,2022,Missing game_id or date columns
Middle Tennessee,2022,Missing game_id or date columns
Milwaukee,2022,Missing game_id or date columns
Minnesota,2022,Missing game_id or date columns
Mississippi,2022,Missing game_id or date columns
Mississippi St.,2022,Missing game_id or date columns
Mississippi Valley St.,2022,Missing game_id or date columns
Missouri,2022,Missing game_id or date columns
Missouri St.,2022,Missing game_id or date columns
Monmouth,2022,Missing game_id or date columns
Montana,2022,Missing game_id or date columns
Montana St.,2022,Missing game_id or date columns
Morehead St.,2022,Missing game_id or date columns
Morgan St.,2022,Missing game_id or date columns
Mount St. Mary's,2022,Missing game_id or date columns
Murray St.,2022,Missing game_id or date columns
N.C. State,2022,Missing game_id or date columns
NEC,2022,Missing game_id or date columns
NJIT,2022,Missing game_id or date columns
Navy,2022,Missing game_id or date columns
Nebraska,2022,Missing game_id or date columns
Nebraska Omaha,2022,Missing game_id or date columns
Nevada,2022,Missing game_id or date columns
New Hampshire,2022,Missing game_id or date columns
New Mexico,2022,Missing game_id or date columns
New Mexico St.,2022,Missing game_id or date columns
New Orleans,2022,Missing game_id or date columns
Niagara,2022,Missing game_id or date columns
Nicholls St.,2022,Missing game_id or date columns
Norfolk St.,2022,Missing game_id or date columns
North Alabama,2022,Missing game_id or date columns
North Carolina,2022,Missing game_id or date columns
North Carolina A&T,2022,Missing game_id or date columns
North Carolina Central,2022,Missing game_id or date columns
North Dakota,2022,Missing game_id or date columns
North Dakota St.,2022,Missing game_id or date columns
North Florida,2022,Missing game_id or date columns
North Texas,2022,Missing game_id or date columns
Northeastern,2022,Missing game_id or date columns
Northern Arizona,2022,Missing game_id or date columns
Northern Colorado,2022,Missing game_id or date columns
Northern Illinois,2022,Missing game_id or date columns
Northern Iowa,2022,Missing game_id or date columns
Northern Kentucky,2022,Missing game_id or date columns
Northwestern,2022,Missing game_id or date columns
Northwestern St.,2022,Missing game_id or date columns
Notre Dame,2022,Missing game_id or date columns
OVC,2022,Missing game_id or date columns
Oakland,2022,Missing game_id or date columns
Ohio,2022,Missing game_id or date columns
Ohio St.,2022,Missing game_id or date columns
Oklahoma,2022,Missing game_id or date columns
Oklahoma St.,2022,Missing game_id or date columns
Old Dominion,2022,Missing game_id or date columns
Oral Roberts,2022,Missing game_id or date columns
Oregon,2022,Missing game_id or date columns
Oregon St.,2022,Missing game_id or date columns
P12,2022,Missing game_id or date columns
Pacific,2022,Missing game_id or date columns
Pat,2022,Missing game_id or date columns
Penn,2022,Missing game_id or date columns
Penn St.,2022,Missing game_id or date columns
Pepperdine,2022,Missing game_id or date columns
Pittsburgh,2022,Missing game_id or date columns
Portland,2022,Missing game_id or date columns
Portland St.,2022,Missing game_id or date columns
Prairie View A&M,2022,Missing game_id or date columns
Presbyterian,2022,Missing game_id or date columns
Princeton,2022,Missing game_id or date columns
Providence,2022,Missing game_id or date columns
Purdue,2022,Missing game_id or date columns
Purdue Fort Wayne,2022,Missing game_id or date columns
Queens,2022,Missing game_id or date columns
Quinnipiac,2022,Missing game_id or date columns
Radford,2022,Missing game_id or date columns
Rhode Island,2022,Missing game_id or date columns
Rice,2022,Missing game_id or date columns
Richmond,2022,Missing game_id or date columns
Rider,2022,Missing game_id or date columns
Robert Morris,2022,Missing game_id or date columns
Rutgers,2022,Missing game_id or date columns
SB,2022,Missing game_id or date columns
SC,2022,Missing game_id or date columns
SEC,2022,Missing game_id or date columns
SIU Edwardsville,2022,Missing game_id or date columns
SMU,2022,Missing game_id or date columns
SWAC,2022,Missing game_id or date columns
Sacramento St.,2022,Missing game_id or date columns
Sacred Heart,2022,Missing game_id or date columns
Saint Francis,2022,Missing game_id or date columns
Saint Joseph's,2022,Missing game_id or date columns
Saint Louis,2022,Missing game_id or date columns
Saint Mary's,2022,Missing game_id or date columns
Saint Peter's,2022,Missing game_id or date columns
Sam Houston St.,2022,Missing game_id or date columns
Samford,2022,Missing game_id or date columns
San Diego,2022,Missing game_id or date columns
San Diego St.,2022,Missing game_id or date columns
San Francisco,2022,Missing game_id or date columns
San Jose St.,2022,Missing game_id or date columns
Santa Clara,2022,Missing game_id or date columns
Seattle,2022,Missing game_id or date columns
Seton Hall,2022,Missing game_id or date columns
Siena,2022,Missing game_id or date columns
Slnd,2022,Missing game_id or date columns
South Alabama,2022,Missing game_id or date columns
South Carolina,2022,Missing game_id or date columns
South Carolina St.,2022,Missing game_id or date columns
South Dakota,2022,Missing game_id or date columns
South Dakota St.,2022,Missing game_id or date columns
South Florida,2022,Missing game_id or date columns
Southeast Missouri St.,2022,Missing game_id or date columns
Southeastern Louisiana,2022,Missing game_id or date columns
Southern,2022,Missing game_id or date columns
Southern Illinois,2022,Missing game_id or date columns
Southern Indiana,2022,Missing game_id or date columns
Southern Miss,2022,Missing game_id or date columns
Southern Utah,2022,Missing game_id or date columns
St. Bonaventure,2022,Missing game_id or date columns
St. Francis NY,2022,Missing game_id or date columns
St. John's,2022,Missing game_id or date columns
St. Thomas,2022,Missing game_id or date columns
Stanford,2022,Missing game_id or date columns
Stephen F. Austin,2022,Missing game_id or date columns
Stetson,2022,Missing game_id or date columns
Stonehill,2022,Missing game_id or date columns
Stony Brook,2022,Missing game_id or date columns
Sum,2022,Missing game_id or date columns
Syracuse,2022,Missing game_id or date columns
TCU,2022,Missing game_id or date columns
Tarleton St.,2022,Missing game_id or date columns
Temple,2022,Missing game_id or date columns
Tennessee,2022,Missing game_id or date columns
Tennessee Martin,2022,Missing game_id or date columns
Tennessee St.,2022,Missing game_id or date columns
Tennessee Tech,2022,Missing game_id or date columns
Texas,2022,Missing game_id or date columns
Texas A&M,2022,Missing game_id or date columns
Texas A&M Corpus Chris,2022,Missing game_id or date columns
Texas Southern,2022,Missing game_id or date columns
Texas St.,2022,Missing game_id or date columns
Texas Tech,2022,Missing game_id or date columns
The Citadel,2022,Missing game_id or date columns
Toledo,2022,Missing game_id or date columns
Towson,2022,Missing game_id or date columns
Troy,2022,Missing game_id or date columns
Tulane,2022,Missing game_id or date columns
Tulsa,2022,Missing game_id or date columns
UAB,2022,Missing game_id or date columns
UC Davis,2022,Missing game_id or date columns
UC Irvine,2022,Missing game_id or date columns
UC Riverside,2022,Missing game_id or date columns
UC San Diego,2022,Missing game_id or date columns
UC Santa Barbara,2022,Missing game_id or date columns
UCF,2022,Missing game_id or date columns
UCLA,2022,Missing game_id or date columns
UMBC,2022,Missing game_id or date columns
UMKC,2022,Missing game_id or date columns
UMass Lowell,2022,Missing game_id or date columns
UNC Asheville,2022,Missing game_id or date columns
UNC Greensboro,2022,Missing game_id or date columns
UNC Wilmington,2022,Missing game_id or date columns
UNLV,2022,Missing game_id or date columns
USC,2022,Missing game_id or date columns
USC Upstate,2022,Missing game_id or date columns
UT Arlington,2022,Missing game_id or date columns
UT Rio Grande Valley,2022,Missing game_id or date columns
UTEP,2022,Missing game_id or date columns
UTSA,2022,Missing game_id or date columns
Utah,2022,Missing game_id or date columns
Utah St.,2022,Missing game_id or date columns
Utah Tech,2022,Missing game_id or date columns
Utah Valley,2022,Missing game_id or date columns
VCU,2022,Missing game_id or date columns
VMI,2022,Missing game_id or date columns
Valparaiso,2022,Missing game_id or date columns
Vanderbilt,2022,Missing game_id or date columns
Vermont,2022,Missing game_id or date columns
Villanova,2022,Missing game_id or date columns
Virginia,2022,Missing game_id or date columns
Virginia Tech,2022,Missing game_id or date columns
WAC,2022,Missing game_id or date columns
WCC,2022,Missing game_id or date columns
Wagner,2022,Missing game_id or date columns
Wake Forest,2022,Missing game_id or date columns
Washington,2022,Missing game_id or date columns
Washington St.,2022,Missing game_id or date columns
Weber St.,2022,Missing game_id or date columns
West Virginia,2022,Missing game_id or date columns
Western Carolina,2022,Missing game_id or date columns
Western Illinois,2022,Missing game_id or date columns
Western Kentucky,2022,Missing game_id or date columns
Western Michigan,2022,Missing game_id or date columns
Wichita St.,2022,Missing game_id or date columns
William & Mary,2022,Missing game_id or date columns
Winthrop,2022,Missing game_id or date columns
Wisconsin,2022,Missing game_id or date columns
Wofford,2022,Missing game_id or date columns
Wright St.,2022,Missing game_id or date columns
Wyoming,2022,Missing game_id or date columns
Xavier,2022,Missing game_id or date columns
Yale,2022,Missing game_id or date columns
Youngstown St.,2022,Missing game_id or date columns
A10,2023,Missing game_id or date columns
ACC,2023,Missing game_id or date columns
AE,2023,Missing game_id or date columns
ASun,2023,Missing game_id or date columns
Abilene Christian,2023,Missing game_id or date columns
Air Force,2023,Missing game_id or date columns
Akron,2023,Missing game_id or date columns
Alabama,2023,Missing game_id or date columns
Alabama A&M,2023,Missing game_id or date columns
Alabama St.,2023,Missing game_id or date columns
Albany,2023,Missing game_id or date columns
Alcorn St.,2023,Missing game_id or date columns
Amer,2023,Missing game_id or date columns
American,2023,Missing game_id or date columns
Appalachian St.,2023,Missing game_id or date columns
Arizona,2023,Missing game_id or date columns
Arizona St.,2023,Missing game_id or date columns
Arkansas,2023,Missing game_id or date columns
Arkansas Pine Bluff,2023,Missing game_id or date columns
Arkansas St.,2023,Missing game_id or date columns
Army,2023,Missing game_id or date columns
Auburn,2023,Missing game_id or date columns
Austin Peay,2023,Missing game_id or date columns
B10,2023,Missing game_id or date columns
B12,2023,Missing game_id or date columns
BE,2023,Missing game_id or date columns
BSky,2023,Missing game_id or date columns
BSth,2023,Missing game_id or date columns
BW,2023,Missing game_id or date columns
BYU,2023,Missing game_id or date columns
Ball St.,2023,Missing game_id or date columns
Baylor,2023,Missing game_id or date columns
Bellarmine,2023,Missing game_id or date columns
Belmont,2023,Missing game_id or date columns
Bethune Cookman,2023,Missing game_id or date columns
Binghamton,2023,Missing game_id or date columns
Boise St.,2023,Missing game_id or date columns
Boston College,2023,Missing game_id or date columns
Boston University,2023,Missing game_id or date columns
Bowling Green,2023,Missing game_id or date columns
Bradley,2023,Missing game_id or date columns
Brown,2023,Missing game_id or date columns
Bryant,2023,Missing game_id or date columns
Bucknell,2023,Missing game_id or date columns
Buffalo,2023,Missing game_id or date columns
Butler,2023,Missing game_id or date columns
CAA,2023,Missing game_id or date columns
CUSA,2023,Missing game_id or date columns
Cal Baptist,2023,Missing game_id or date columns
Cal Poly,2023,Missing game_id or date columns
Cal St. Bakersfield,2023,Missing game_id or date columns
Cal St. Fullerton,2023,Missing game_id or date columns
Cal St. Northridge,2023,Missing game_id or date columns
California,2023,Missing game_id or date columns
Campbell,2023,Missing game_id or date columns
Canisius,2023,Missing game_id or date columns
Central Arkansas,2023,Missing game_id or date columns
Central Connecticut,2023,Missing game_id or date columns
Central Michigan,2023,Missing game_id or date columns
Charleston,2023,Missing game_id or date columns
Charleston Southern,2023,Missing game_id or date columns
Charlotte,2023,Missing game_id or date columns
Chattanooga,2023,Missing game_id or date columns
Chicago St.,2023,Missing game_id or date columns
Cincinnati,2023,Missing game_id or date columns
Clemson,2023,Missing game_id or date columns
Cleveland St.,2023,Missing game_id or date columns
Coastal Carolina,2023,Missing game_id or date columns
Colgate,2023,Missing game_id or date columns
Colorado,2023,Missing game_id or date columns
Colorado St.,2023,Missing game_id or date columns
Columbia,2023,Missing game_id or date columns
Connecticut,2023,Missing game_id or date columns
Coppin St.,2023,Missing game_id or date columns
Cornell,2023,Missing game_id or date columns
Creighton,2023,Missing game_id or date columns
Dartmouth,2023,Missing game_id or date columns
Davidson,2023,Missing game_id or date columns
Dayton,2023,Missing game_id or date columns
DePaul,2023,Missing game_id or date columns
Delaware,2023,Missing game_id or date columns
Delaware St.,2023,Missing game_id or date columns
Denver,2023,Missing game_id or date columns
Detroit Mercy,2023,Missing game_id or date columns
Drake,2023,Missing game_id or date columns
Drexel,2023,Missing game_id or date columns
Duke,2023,Missing game_id or date columns
Duquesne,2023,Missing game_id or date columns
East Carolina,2023,Missing game_id or date columns
East Tennessee St.,2023,Missing game_id or date columns
East Texas A&M,2023,Missing game_id or date columns
Eastern Illinois,2023,Missing game_id or date columns
Eastern Kentucky,2023,Missing game_id or date columns
Eastern Michigan,2023,Missing game_id or date columns
Eastern Washington,2023,Missing game_id or date columns
Elon,2023,Missing game_id or date columns
Evansville,2023,Missing game_id or date columns
FIU,2023,Missing game_id or date columns
Fairfield,2023,Missing game_id or date columns
Fairleigh Dickinson,2023,Missing game_id or date columns
Florida,2023,Missing game_id or date columns
Florida A&M,2023,Missing game_id or date columns
Florida Atlantic,2023,Missing game_id or date columns
Florida Gulf Coast,2023,Missing game_id or date columns
Florida St.,2023,Missing game_id or date columns
Fordham,2023,Missing game_id or date columns
Fresno St.,2023,Missing game_id or date columns
Furman,2023,Missing game_id or date columns
Gardner Webb,2023,Missing game_id or date columns
George Mason,2023,Missing game_id or date columns
George Washington,2023,Missing game_id or date columns
Georgetown,2023,Missing game_id or date columns
Georgia,2023,Missing game_id or date columns
Georgia Southern,2023,Missing game_id or date columns
Georgia St.,2023,Missing game_id or date columns
Georgia Tech,2023,Missing game_id or date columns
Gonzaga,2023,Missing game_id or date columns
Grambling St.,2023,Missing game_id or date columns
Grand Canyon,2023,Missing game_id or date columns
Green Bay,2023,Missing game_id or date columns
Hampton,2023,Missing game_id or date columns
Hartford,2023,Missing game_id or date columns
Harvard,2023,Missing game_id or date columns
Hawaii,2023,Missing game_id or date columns
High Point,2023,Missing game_id or date columns
Hofstra,2023,Missing game_id or date columns
Holy Cross,2023,Missing game_id or date columns
Horz,2023,Missing game_id or date columns
Houston,2023,Missing game_id or date columns
Houston Christian,2023,Missing game_id or date columns
Howard,2023,Missing game_id or date columns
IU Indy,2023,Missing game_id or date columns
Idaho,2023,Missing game_id or date columns
Idaho St.,2023,Missing game_id or date columns
Illinois,2023,Missing game_id or date columns
Illinois Chicago,2023,Missing game_id or date columns
Illinois St.,2023,Missing game_id or date columns
Incarnate Word,2023,Missing game_id or date columns
Indiana,2023,Missing game_id or date columns
Indiana St.,2023,Missing game_id or date columns
Iona,2023,Missing game_id or date columns
Iowa,2023,Missing game_id or date columns
Iowa St.,2023,Missing game_id or date columns
Ivy,2023,Missing game_id or date columns
Jackson St.,2023,Missing game_id or date columns
Jacksonville,2023,Missing game_id or date columns
Jacksonville St.,2023,Missing game_id or date columns
James Madison,2023,Missing game_id or date columns
Kansas,2023,Missing game_id or date columns
Kansas St.,2023,Missing game_id or date columns
Kennesaw St.,2023,Missing game_id or date columns
Kent St.,2023,Missing game_id or date columns
Kentucky,2023,Missing game_id or date columns
LIU,2023,Missing game_id or date columns
LSU,2023,Missing game_id or date columns
La Salle,2023,Missing game_id or date columns
Lafayette,2023,Missing game_id or date columns
Lamar,2023,Missing game_id or date columns
Le Moyne,2023,Missing game_id or date columns
Lehigh,2023,Missing game_id or date columns
Liberty,2023,Missing game_id or date columns
Lindenwood,2023,Missing game_id or date columns
Lipscomb,2023,Missing game_id or date columns
Little Rock,2023,Missing game_id or date columns
Long Beach St.,2023,Missing game_id or date columns
Longwood,2023,Missing game_id or date columns
Louisiana,2023,Missing game_id or date columns
Louisiana Monroe,2023,Missing game_id or date columns
Louisiana Tech,2023,Missing game_id or date columns
Louisville,2023,Missing game_id or date columns
Loyola Chicago,2023,Missing game_id or date columns
Loyola MD,2023,Missing game_id or date columns
Loyola Marymount,2023,Missing game_id or date columns
MAAC,2023,Missing game_id or date columns
MAC,2023,Missing game_id or date columns
MEAC,2023,Missing game_id or date columns
MVC,2023,Missing game_id or date columns
MWC,2023,Missing game_id or date columns
Maine,2023,Missing game_id or date columns
Manhattan,2023,Missing game_id or date columns
Marist,2023,Missing game_id or date columns
Marquette,2023,Missing game_id or date columns
Marshall,2023,Missing game_id or date columns
Maryland,2023,Missing game_id or date columns
Maryland Eastern Shore,2023,Missing game_id or date columns
Massachusetts,2023,Missing game_id or date columns
McNeese St.,2023,Missing game_id or date columns
Memphis,2023,Missing game_id or date columns
Mercer,2023,Missing game_id or date columns
Merrimack,2023,Missing game_id or date columns
Miami FL,2023,Missing game_id or date columns
Miami OH,2023,Missing game_id or date columns
Michigan,2023,Missing game_id or date columns
Michigan St.,2023,Missing game_id or date columns
Middle Tennessee,2023,Missing game_id or date columns
Milwaukee,2023,Missing game_id or date columns
Minnesota,2023,Missing game_id or date columns
Mississippi,2023,Missing game_id or date columns
Mississippi St.,2023,Missing game_id or date columns
Mississippi Valley St.,2023,Missing game_id or date columns
Missouri,2023,Missing game_id or date columns
Missouri St.,2023,Missing game_id or date columns
Monmouth,2023,Missing game_id or date columns
Montana,2023,Missing game_id or date columns
Montana St.,2023,Missing game_id or date columns
Morehead St.,2023,Missing game_id or date columns
Morgan St.,2023,Missing game_id or date columns
Mount St. Mary's,2023,Missing game_id or date columns
Murray St.,2023,Missing game_id or date columns
N.C. State,2023,Missing game_id or date columns
NEC,2023,Missing game_id or date columns
NJIT,2023,Missing game_id or date columns
Navy,2023,Missing game_id or date columns
Nebraska,2023,Missing game_id or date columns
Nebraska Omaha,2023,Missing game_id or date columns
Nevada,2023,Missing game_id or date columns
New Hampshire,2023,Missing game_id or date columns
New Mexico,2023,Missing game_id or date columns
New Mexico St.,2023,Missing game_id or date columns
New Orleans,2023,Missing game_id or date columns
Niagara,2023,Missing game_id or date columns
Nicholls St.,2023,Missing game_id or date columns
Norfolk St.,2023,Missing game_id or date columns
North Alabama,2023,Missing game_id or date columns
North Carolina,2023,Missing game_id or date columns
North Carolina A&T,2023,Missing game_id or date columns
North Carolina Central,2023,Missing game_id or date columns
North Dakota,2023,Missing game_id or date columns
North Dakota St.,2023,Missing game_id or date columns
North Florida,2023,Missing game_id or date columns
North Texas,2023,Missing game_id or date columns
Northeastern,2023,Missing game_id or date columns
Northern Arizona,2023,Missing game_id or date columns
Northern Colorado,2023,Missing game_id or date columns
Northern Illinois,2023,Missing game_id or date columns
Northern Iowa,2023,Missing game_id or date columns
Northern Kentucky,2023,Missing game_id or date columns
Northwestern,2023,Missing game_id or date columns
Northwestern St.,2023,Missing game_id or date columns
Notre Dame,2023,Missing game_id or date columns
OVC,2023,Missing game_id or date columns
Oakland,2023,Missing game_id or date columns
Ohio,2023,Missing game_id or date columns
Ohio St.,2023,Missing game_id or date columns
Oklahoma,2023,Missing game_id or date columns
Oklahoma St.,2023,Missing game_id or date columns
Old Dominion,2023,Missing game_id or date columns
Oral Roberts,2023,Missing game_id or date columns
Oregon,2023,Missing game_id or date columns
Oregon St.,2023,Missing game_id or date columns
P12,2023,Missing game_id or date columns
Pacific,2023,Missing game_id or date columns
Pat,2023,Missing game_id or date columns
Penn,2023,Missing game_id or date columns
Penn St.,2023,Missing game_id or date columns
Pepperdine,2023,Missing game_id or date columns
Pittsburgh,2023,Missing game_id or date columns
Portland,2023,Missing game_id or date columns
Portland St.,2023,Missing game_id or date columns
Prairie View A&M,2023,Missing game_id or date columns
Presbyterian,2023,Missing game_id or date columns
Princeton,2023,Missing game_id or date columns
Providence,2023,Missing game_id or date columns
Purdue,2023,Missing game_id or date columns
Purdue Fort Wayne,2023,Missing game_id or date columns
Queens,2023,Missing game_id or date columns
Quinnipiac,2023,Missing game_id or date columns
Radford,2023,Missing game_id or date columns
Rhode Island,2023,Missing game_id or date columns
Rice,2023,Missing game_id or date columns
Richmond,2023,Missing game_id or date columns
Rider,2023,Missing game_id or date columns
Robert Morris,2023,Missing game_id or date columns
Rutgers,2023,Missing game_id or date columns
SB,2023,Missing game_id or date columns
SC,2023,Missing game_id or date columns
SEC,2023,Missing game_id or date columns
SIU Edwardsville,2023,Missing game_id or date columns
SMU,2023,Missing game_id or date columns
SWAC,2023,Missing game_id or date columns
Sacramento St.,2023,Missing game_id or date columns
Sacred Heart,2023,Missing game_id or date columns
Saint Francis,2023,Missing game_id or date columns
Saint Joseph's,2023,Missing game_id or date columns
Saint Louis,2023,Missing game_id or date columns
Saint Mary's,2023,Missing game_id or date columns
Saint Peter's,2023,Missing game_id or date columns
Sam Houston St.,2023,Missing game_id or date columns
Samford,2023,Missing game_id or date columns
San Diego,2023,Missing game_id or date columns
San Diego St.,2023,Missing game_id or date columns
San Francisco,2023,Missing game_id or date columns
San Jose St.,2023,Missing game_id or date columns
Santa Clara,2023,Missing game_id or date columns
Seattle,2023,Missing game_id or date columns
Seton Hall,2023,Missing game_id or date columns
Siena,2023,Missing game_id or date columns
Slnd,2023,Missing game_id or date columns
South Alabama,2023,Missing game_id or date columns
South Carolina,2023,Missing game_id or date columns
South Carolina St.,2023,Missing game_id or date columns
South Dakota,2023,Missing game_id or date columns
South Dakota St.,2023,Missing game_id or date columns
South Florida,2023,Missing game_id or date columns
Southeast Missouri St.,2023,Missing game_id or date columns
Southeastern Louisiana,2023,Missing game_id or date columns
Southern,2023,Missing game_id or date columns
Southern Illinois,2023,Missing game_id or date columns
Southern Indiana,2023,Missing game_id or date columns
Southern Miss,2023,Missing game_id or date columns
Southern Utah,2023,Missing game_id or date columns
St. Bonaventure,2023,Missing game_id or date columns
St. Francis NY,2023,Missing game_id or date columns
St. John's,2023,Missing game_id or date columns
St. Thomas,2023,Missing game_id or date columns
Stanford,2023,Missing game_id or date columns
Stephen F. Austin,2023,Missing game_id or date columns
Stetson,2023,Missing game_id or date columns
Stonehill,2023,Missing game_id or date columns
Stony Brook,2023,Missing game_id or date columns
Sum,2023,Missing game_id or date columns
Syracuse,2023,Missing game_id or date columns
TCU,2023,Missing game_id or date columns
Tarleton St.,2023,Missing game_id or date columns
Temple,2023,Missing game_id or date columns
Tennessee,2023,Missing game_id or date columns
Tennessee Martin,2023,Missing game_id or date columns
Tennessee St.,2023,Missing game_id or date columns
Tennessee Tech,2023,Missing game_id or date columns
Texas,2023,Missing game_id or date columns
Texas A&M,2023,Missing game_id or date columns
Texas A&M Corpus Chris,2023,Missing game_id or date columns
Texas Southern,2023,Missing game_id or date columns
Texas St.,2023,Missing game_id or date columns
Texas Tech,2023,Missing game_id or date columns
The Citadel,2023,Missing game_id or date columns
Toledo,2023,Missing game_id or date columns
Towson,2023,Missing game_id or date columns
Troy,2023,Missing game_id or date columns
Tulane,2023,Missing game_id or date columns
Tulsa,2023,Missing game_id or date columns
UAB,2023,Missing game_id or date columns
UC Davis,2023,Missing game_id or date columns
UC Irvine,2023,Missing game_id or date columns
UC Riverside,2023,Missing game_id or date columns
UC San Diego,2023,Missing game_id or date columns
UC Santa Barbara,2023,Missing game_id or date columns
UCF,2023,Missing game_id or date columns
UCLA,2023,Missing game_id or date columns
UMBC,2023,Missing game_id or date columns
UMKC,2023,Missing game_id or date columns
UMass Lowell,2023,Missing game_id or date columns
UNC Asheville,2023,Missing game_id or date columns
UNC Greensboro,2023,Missing game_id or date columns
UNC Wilmington,2023,Missing game_id or date columns
UNLV,2023,Missing game_id or date columns
USC,2023,Missing game_id or date columns
USC Upstate,2023,Missing game_id or date columns
UT Arlington,2023,Missing game_id or date columns
UT Rio Grande Valley,2023,Missing game_id or date columns
UTEP,2023,Missing game_id or date columns
UTSA,2023,Missing game_id or date columns
Utah,2023,Missing game_id or date columns
Utah St.,2023,Missing game_id or date columns
Utah Tech,2023,Missing game_id or date columns
Utah Valley,2023,Missing game_id or date columns
VCU,2023,Missing game_id or date columns
VMI,2023,Missing game_id or date columns
Valparaiso,2023,Missing game_id or date columns
Vanderbilt,2023,Missing game_id or date columns
Vermont,2023,Missing game_id or date columns
Villanova,2023,Missing game_id or date columns
Virginia,2023,Missing game_id or date columns
Virginia Tech,2023,Missing game_id or date columns
WAC,2023,Missing game_id or date columns
WCC,2023,Missing game_id or date columns
Wagner,2023,Missing game_id or date columns
Wake Forest,2023,Missing game_id or date columns
Washington,2023,Missing game_id or date columns
Washington St.,2023,Missing game_id or date columns
Weber St.,2023,Missing game_id or date columns
West Virginia,2023,Missing game_id or date columns
Western Carolina,2023,Missing game_id or date columns
Western Illinois,2023,Missing game_id or date columns
Western Kentucky,2023,Missing game_id or date columns
Western Michigan,2023,Missing game_id or date columns
Wichita St.,2023,Missing game_id or date columns
William & Mary,2023,Missing game_id or date columns
Winthrop,2023,Missing game_id or date columns
Wisconsin,2023,Missing game_id or date columns
Wofford,2023,Missing game_id or date columns
Wright St.,2023,Missing game_id or date columns
Wyoming,2023,Missing game_id or date columns
Xavier,2023,Missing game_id or date columns
Yale,2023,Missing game_id or date columns
Youngstown St.,2023,Missing game_id or date columns
A10,2024,Missing game_id or date columns
ACC,2024,Missing game_id or date columns
AE,2024,Missing game_id or date columns
ASun,2024,Missing game_id or date columns
Abilene Christian,2024,Missing game_id or date columns
Air Force,2024,Missing game_id or date columns
Akron,2024,Missing game_id or date columns
Alabama,2024,Missing game_id or date columns
Alabama A&M,2024,Missing game_id or date columns
Alabama St.,2024,Missing game_id or date columns
Albany,2024,Missing game_id or date columns
Alcorn St.,2024,Missing game_id or date columns
Amer,2024,Missing game_id or date columns
American,2024,Missing game_id or date columns
Appalachian St.,2024,Missing game_id or date columns
Arizona,2024,Missing game_id or date columns
Arizona St.,2024,Missing game_id or date columns
Arkansas,2024,Missing game_id or date columns
Arkansas Pine Bluff,2024,Missing game_id or date columns
Army,2024,Missing game_id or date columns
Auburn,2024,Missing game_id or date columns
Austin Peay,2024,Missing game_id or date columns
B10,2024,Missing game_id or date columns
B12,2024,Missing game_id or date columns
BE,2024,Missing game_id or date columns
BSky,2024,Missing game_id or date columns
BSth,2024,Missing game_id or date columns
BW,2024,Missing game_id or date columns
BYU,2024,Missing game_id or date columns
Ball St.,2024,Missing game_id or date columns
Baylor,2024,Missing game_id or date columns
Bellarmine,2024,Missing game_id or date columns
Belmont,2024,Missing game_id or date columns
Bethune Cookman,2024,Missing game_id or date columns
Binghamton,2024,Missing game_id or date columns
Boise St.,2024,Missing game_id or date columns
Boston College,2024,Missing game_id or date columns
Boston University,2024,Missing game_id or date columns
Bowling Green,2024,Missing game_id or date columns
Bradley,2024,Missing game_id or date columns
Brown,2024,Missing game_id or date columns
Bryant,2024,Missing game_id or date columns
Bucknell,2024,Missing game_id or date columns
Buffalo,2024,Missing game_id or date columns
Butler,2024,Missing game_id or date columns
CAA,2024,Missing game_id or date columns
CUSA,2024,Missing game_id or date columns
Cal Baptist,2024,Missing game_id or date columns
Cal Poly,2024,Missing game_id or date columns
Cal St. Bakersfield,2024,Missing game_id or date columns
Cal St. Fullerton,2024,Missing game_id or date columns
Cal St. Northridge,2024,Missing game_id or date columns
California,2024,Missing game_id or date columns
Campbell,2024,Missing game_id or date columns
Canisius,2024,Missing game_id or date columns
Central Arkansas,2024,Missing game_id or date columns
Central Connecticut,2024,Missing game_id or date columns
Central Michigan,2024,Missing game_id or date columns
Charleston,2024,Missing game_id or date columns
Charleston Southern,2024,Missing game_id or date columns
Charlotte,2024,Missing game_id or date columns
Chattanooga,2024,Missing game_id or date columns
Chicago St.,2024,Missing game_id or date columns
Cincinnati,2024,Missing game_id or date columns
Clemson,2024,Missing game_id or date columns
Cleveland St.,2024,Missing game_id or date columns
Coastal Carolina,2024,Missing game_id or date columns
Colgate,2024,Missing game_id or date columns
Colorado,2024,Missing game_id or date columns
Colorado St.,2024,Missing game_id or date columns
Columbia,2024,Missing game_id or date columns
Connecticut,2024,Missing game_id or date columns
Coppin St.,2024,Missing game_id or date columns
Cornell,2024,Missing game_id or date columns
Creighton,2024,Missing game_id or date columns
Dartmouth,2024,Missing game_id or date columns
Davidson,2024,Missing game_id or date columns
Dayton,2024,Missing game_id or date columns
DePaul,2024,Missing game_id or date columns
Delaware,2024,Missing game_id or date columns
Delaware St.,2024,Missing game_id or date columns
Denver,2024,Missing game_id or date columns
Detroit Mercy,2024,Missing game_id or date columns
Drake,2024,Missing game_id or date columns
Drexel,2024,Missing game_id or date columns
Duke,2024,Missing game_id or date columns
Duquesne,2024,Missing game_id or date columns
East Carolina,2024,Missing game_id or date columns
East Tennessee St.,2024,Missing game_id or date columns
East Texas A&M,2024,Missing game_id or date columns
Eastern Illinois,2024,Missing game_id or date columns
Eastern Kentucky,2024,Missing game_id or date columns
Eastern Michigan,2024,Missing game_id or date columns
Eastern Washington,2024,Missing game_id or date columns
Elon,2024,Missing game_id or date columns
Evansville,2024,Missing game_id or date columns
FIU,2024,Missing game_id or date columns
Fairfield,2024,Missing game_id or date columns
Fairleigh Dickinson,2024,Missing game_id or date columns
Florida,2024,Missing game_id or date columns
Florida A&M,2024,Missing game_id or date columns
Florida Atlantic,2024,Missing game_id or date columns
Florida Gulf Coast,2024,Missing game_id or date columns
Florida St.,2024,Missing game_id or date columns
Fordham,2024,Missing game_id or date columns
Fresno St.,2024,Missing game_id or date columns
Furman,2024,Missing game_id or date columns
Gardner Webb,2024,Missing game_id or date columns
George Mason,2024,Missing game_id or date columns
George Washington,2024,Missing game_id or date columns
Georgetown,2024,Missing game_id or date columns
Georgia,2024,Missing game_id or date columns
Georgia Southern,2024,Missing game_id or date columns
Georgia St.,2024,Missing game_id or date columns
Georgia Tech,2024,Missing game_id or date columns
Gonzaga,2024,Missing game_id or date columns
Grambling St.,2024,Missing game_id or date columns
Grand Canyon,2024,Missing game_id or date columns
Green Bay,2024,Missing game_id or date columns
Hampton,2024,Missing game_id or date columns
Hartford,2024,Missing game_id or date columns
Harvard,2024,Missing game_id or date columns
Hawaii,2024,Missing game_id or date columns
High Point,2024,Missing game_id or date columns
Hofstra,2024,Missing game_id or date columns
Holy Cross,2024,Missing game_id or date columns
Horz,2024,Missing game_id or date columns
Houston,2024,Missing game_id or date columns
Houston Christian,2024,Missing game_id or date columns
Howard,2024,Missing game_id or date columns
IU Indy,2024,Missing game_id or date columns
Idaho,2024,Missing game_id or date columns
Idaho St.,2024,Missing game_id or date columns
Illinois,2024,Missing game_id or date columns
Illinois Chicago,2024,Missing game_id or date columns
Illinois St.,2024,Missing game_id or date columns
Incarnate Word,2024,Missing game_id or date columns
Indiana,2024,Missing game_id or date columns
Indiana St.,2024,Missing game_id or date columns
Iona,2024,Missing game_id or date columns
Iowa,2024,Missing game_id or date columns
Iowa St.,2024,Missing game_id or date columns
Ivy,2024,Missing game_id or date columns
Jackson St.,2024,Missing game_id or date columns
Jacksonville,2024,Missing game_id or date columns
Jacksonville St.,2024,Missing game_id or date columns
James Madison,2024,Missing game_id or date columns
Kansas,2024,Missing game_id or date columns
Kansas St.,2024,Missing game_id or date columns
Kennesaw St.,2024,Missing game_id or date columns
Kent St.,2024,Missing game_id or date columns
Kentucky,2024,Missing game_id or date columns
LIU,2024,Missing game_id or date columns
LSU,2024,Missing game_id or date columns
La Salle,2024,Missing game_id or date columns
Lafayette,2024,Missing game_id or date columns
Lamar,2024,Missing game_id or date columns
Le Moyne,2024,Missing game_id or date columns
Lehigh,2024,Missing game_id or date columns
Liberty,2024,Missing game_id or date columns
Lindenwood,2024,Missing game_id or date columns
Lipscomb,2024,Missing game_id or date columns
Little Rock,2024,Missing game_id or date columns
Long Beach St.,2024,Missing game_id or date columns
Longwood,2024,Missing game_id or date columns
Louisiana,2024,Missing game_id or date columns
Louisiana Monroe,2024,Missing game_id or date columns
Louisiana Tech,2024,Missing game_id or date columns
Louisville,2024,Missing game_id or date columns
Loyola Chicago,2024,Missing game_id or date columns
Loyola MD,2024,Missing game_id or date columns
Loyola Marymount,2024,Missing game_id or date columns
MAAC,2024,Missing game_id or date columns
MAC,2024,Missing game_id or date columns
MEAC,2024,Missing game_id or date columns
MVC,2024,Missing game_id or date columns
MWC,2024,Missing game_id or date columns
Maine,2024,Missing game_id or date columns
Manhattan,2024,Missing game_id or date columns
Marist,2024,Missing game_id or date columns
Marquette,2024,Missing game_id or date columns
Marshall,2024,Missing game_id or date columns
Maryland,2024,Missing game_id or date columns
Maryland Eastern Shore,2024,Missing game_id or date columns
Massachusetts,2024,Missing game_id or date columns
McNeese St.,2024,Missing game_id or date columns
Memphis,2024,Missing game_id or date columns
Mercer,2024,Missing game_id or date columns
Merrimack,2024,Missing game_id or date columns
Miami FL,2024,Missing game_id or date columns
Miami OH,2024,Missing game_id or date columns
Michigan,2024,Missing game_id or date columns
Michigan St.,2024,Missing game_id or date columns
Middle Tennessee,2024,Missing game_id or date columns
Milwaukee,2024,Missing game_id or date columns
Minnesota,2024,Missing game_id or date columns
Mississippi,2024,Missing game_id or date columns
Mississippi St.,2024,Missing game_id or date columns
Mississippi Valley St.,2024,Missing game_id or date columns
Missouri,2024,Missing game_id or date columns
Missouri St.,2024,Missing game_id or date columns
Monmouth,2024,Missing game_id or date columns
Montana,2024,Missing game_id or date columns
Montana St.,2024,Missing game_id or date columns
Morehead St.,2024,Missing game_id or date columns
Morgan St.,2024,Missing game_id or date columns
Mount St. Mary's,2024,Missing game_id or date columns
Murray St.,2024,Missing game_id or date columns
N.C. State,2024,Missing game_id or date columns
NEC,2024,Missing game_id or date columns
NJIT,2024,Missing game_id or date columns
Navy,2024,Missing game_id or date columns
Nebraska,2024,Missing game_id or date columns
Nebraska Omaha,2024,Missing game_id or date columns
Nevada,2024,Missing game_id or date columns
New Hampshire,2024,Missing game_id or date columns
New Mexico,2024,Missing game_id or date columns
New Mexico St.,2024,Missing game_id or date columns
New Orleans,2024,Missing game_id or date columns
Niagara,2024,Missing game_id or date columns
Nicholls St.,2024,Missing game_id or date columns
Norfolk St.,2024,Missing game_id or date columns
North Alabama,2024,Missing game_id or date columns
North Carolina,2024,Missing game_id or date columns
North Carolina A&T,2024,Missing game_id or date columns
North Carolina Central,2024,Missing game_id or date columns
North Dakota,2024,Missing game_id or date columns
North Dakota St.,2024,Missing game_id or date columns
North Florida,2024,Missing game_id or date columns
North Texas,2024,Missing game_id or date columns
Northeastern,2024,Missing game_id or date columns
Northern Arizona,2024,Missing game_id or date columns
Northern Colorado,2024,Missing game_id or date columns
Northern Illinois,2024,Missing game_id or date columns
Northern Iowa,2024,Missing game_id or date columns
Northern Kentucky,2024,Missing game_id or date columns
Northwestern,2024,Missing game_id or date columns
Northwestern St.,2024,Missing game_id or date columns
Notre Dame,2024,Missing game_id or date columns
OVC,2024,Missing game_id or date columns
Oakland,2024,Missing game_id or date columns
Ohio,2024,Missing game_id or date columns
Ohio St.,2024,Missing game_id or date columns
Oklahoma,2024,Missing game_id or date columns
Oklahoma St.,2024,Missing game_id or date columns
Old Dominion,2024,Missing game_id or date columns
Oral Roberts,2024,Missing game_id or date columns
Oregon,2024,Missing game_id or date columns
Oregon St.,2024,Missing game_id or date columns
P12,2024,Missing game_id or date columns
Pacific,2024,Missing game_id or date columns
Pat,2024,Missing game_id or date columns
Penn,2024,Missing game_id or date columns
Penn St.,2024,Missing game_id or date columns
Pepperdine,2024,Missing game_id or date columns
Pittsburgh,2024,Missing game_id or date columns
Portland,2024,Missing game_id or date columns
Portland St.,2024,Missing game_id or date columns
Prairie View A&M,2024,Missing game_id or date columns
Presbyterian,2024,Missing game_id or date columns
Princeton,2024,Missing game_id or date columns
Providence,2024,Missing game_id or date columns
Purdue,2024,Missing game_id or date columns
Purdue Fort Wayne,2024,Missing game_id or date columns
Queens,2024,Missing game_id or date columns
Quinnipiac,2024,Missing game_id or date columns
Radford,2024,Missing game_id or date columns
Rhode Island,2024,Missing game_id or date columns
Rice,2024,Missing game_id or date columns
Richmond,2024,Missing game_id or date columns
Rider,2024,Missing game_id or date columns
Robert Morris,2024,Missing game_id or date columns
Rutgers,2024,Missing game_id or date columns
SB,2024,Missing game_id or date columns
SC,2024,Missing game_id or date columns
SEC,2024,Missing game_id or date columns
SIU Edwardsville,2024,Missing game_id or date columns
SMU,2024,Missing game_id or date columns
SWAC,2024,Missing game_id or date columns
Sacramento St.,2024,Missing game_id or date columns
Sacred Heart,2024,Missing game_id or date columns
Saint Francis,2024,Missing game_id or date columns
Saint Joseph's,2024,Missing game_id or date columns
Saint Louis,2024,Missing game_id or date columns
Saint Mary's,2024,Missing game_id or date columns
Saint Peter's,2024,Missing game_id or date columns
Sam Houston St.,2024,Missing game_id or date columns
Samford,2024,Missing game_id or date columns
San Diego,2024,Missing game_id or date columns
San Diego St.,2024,Missing game_id or date columns
San Francisco,2024,Missing game_id or date columns
San Jose St.,2024,Missing game_id or date columns
Santa Clara,2024,Missing game_id or date columns
Seattle,2024,Missing game_id or date columns
Seton Hall,2024,Missing game_id or date columns
Siena,2024,Missing game_id or date columns
Slnd,2024,Missing game_id or date columns
South Alabama,2024,Missing game_id or date columns
South Carolina,2024,Missing game_id or date columns
South Carolina St.,2024,Missing game_id or date columns
South Dakota,2024,Missing game_id or date columns
South Dakota St.,2024,Missing game_id or date columns
South Florida,2024,Missing game_id or date columns
Southeast Missouri St.,2024,Missing game_id or date columns
Southeastern Louisiana,2024,Missing game_id or date columns
Southern,2024,Missing game_id or date columns
Southern Illinois,2024,Missing game_id or date columns
Southern Indiana,2024,Missing game_id or date columns
Southern Miss,2024,Missing game_id or date columns
Southern Utah,2024,Missing game_id or date columns
St. Bonaventure,2024,Missing game_id or date columns
St. Francis NY,2024,Missing game_id or date columns
St. John's,2024,Missing game_id or date columns
St. Thomas,2024,Missing game_id or date columns
Stanford,2024,Missing game_id or date columns
Stephen F. Austin,2024,Missing game_id or date columns
Stetson,2024,Missing game_id or date columns
Stonehill,2024,Missing game_id or date columns
Stony Brook,2024,Missing game_id or date columns
Sum,2024,Missing game_id or date columns
Syracuse,2024,Missing game_id or date columns
TCU,2024,Missing game_id or date columns
Tarleton St.,2024,Missing game_id or date columns
Temple,2024,Missing game_id or date columns
Tennessee,2024,Missing game_id or date columns
Tennessee Martin,2024,Missing game_id or date columns
Tennessee St.,2024,Missing game_id or date columns
Tennessee Tech,2024,Missing game_id or date columns
Texas,2024,Missing game_id or date columns
Texas A&M,2024,Missing game_id or date columns
Texas A&M Corpus Chris,2024,Missing game_id or date columns
Texas Southern,2024,Missing game_id or date columns
Texas St.,2024,Missing game_id or date columns
Texas Tech,2024,Missing game_id or date columns
The Citadel,2024,Missing game_id or date columns
Toledo,2024,Missing game_id or date columns
Towson,2024,Missing game_id or date columns
Troy,2024,Missing game_id or date columns
Tulane,2024,Missing game_id or date columns
Tulsa,2024,Missing game_id or date columns
UAB,2024,Missing game_id or date columns
UC Davis,2024,Missing game_id or date columns
UC Irvine,2024,Missing game_id or date columns
UC Riverside,2024,Missing game_id or date columns
UC San Diego,2024,Missing game_id or date columns
UC Santa Barbara,2024,Missing game_id or date columns
UCF,2024,Missing game_id or date columns
UCLA,2024,Missing game_id or date columns
UMBC,2024,Missing game_id or date columns
UMKC,2024,Missing game_id or date columns
UMass Lowell,2024,Missing game_id or date columns
UNC Asheville,2024,Missing game_id or date columns
UNC Greensboro,2024,Missing game_id or date columns
UNC Wilmington,2024,Missing game_id or date columns
UNLV,2024,Missing game_id or date columns
USC,2024,Missing game_id or date columns
USC Upstate,2024,Missing game_id or date columns
UT Arlington,2024,Missing game_id or date columns
UT Rio Grande Valley,2024,Missing game_id or date columns
UTEP,2024,Missing game_id or date columns
UTSA,2024,Missing game_id or date columns
Utah,2024,Missing game_id or date columns
Utah St.,2024,Missing game_id or date columns
Utah Tech,2024,Missing game_id or date columns
Utah Valley,2024,Missing game_id or date columns
VCU,2024,Missing game_id or date columns
VMI,2024,Missing game_id or date columns
Valparaiso,2024,Missing game_id or date columns
Vanderbilt,2024,Missing game_id or date columns
Vermont,2024,Missing game_id or date columns
Villanova,2024,Missing game_id or date columns
Virginia,2024,Missing game_id or date columns
Virginia Tech,2024,Missing game_id or date columns
WAC,2024,Missing game_id or date columns
WCC,2024,Missing game_id or date columns
Wagner,2024,Missing game_id or date columns
Wake Forest,2024,Missing game_id or date columns
Washington,2024,Missing game_id or date columns
Washington St.,2024,Missing game_id or date columns
Weber St.,2024,Missing game_id or date columns
West Virginia,2024,Missing game_id or date columns
Western Carolina,2024,Missing game_id or date columns
Western Illinois,2024,Missing game_id or date columns
Western Kentucky,2024,Missing game_id or date columns
Western Michigan,2024,Missing game_id or date columns
Wichita St.,2024,Missing game_id or date columns
William & Mary,2024,Missing game_id or date columns
Winthrop,2024,Missing game_id or date columns
Wisconsin,2024,Missing game_id or date columns
Wofford,2024,Missing game_id or date columns
Wright St.,2024,Missing game_id or date columns
Wyoming,2024,Missing game_id or date columns
Xavier,2024,Missing game_id or date columns
Yale,2024,Missing game_id or date columns
Youngstown St.,2024,Missing game_id or date columns
